practice_id,answer
A81053,
A81056,
A81049,
L81036,
L82022,
N82060,
N82662,
P92639,
Y00092,
Y02807,
A81026,
A82033,
A82035,
H82059,0
G82161,1
F83057,1
E85719,1
L83094,1
D81061,1
K83068,1
N81082,1
K82078,0
A82036,
A81030,0
A81031,
A81032,
A81033,
A81034,
A81035,
A81036,
A81037,
A81038,
A81039,
A81040,
A81041,
A81042,
A81043,
A81054,
A81044,
A81045,
A81046,
A81047,
A81048,
A81060,
A81029,
A81063,
A81064,
A81065,
A82030,
A81057,
A81058,
A81066,
A81067,
A81070,
A81602,
A81608,
A81610,
A81611,
A81612,
A81618,
A81621,
A81622,
A81629,
A81631,
A81634,
A82003,
A82004,
A82005,
A82006,
A82007,
A82008,
A82009,
A82010,
A82012,
A82013,
A82014,
A82015,
A82016,
A82018,
A82019,
A82020,
A82021,
A82022,
A82023,
A82024,
A82025,
A82026,
A82028,
A82029,
A82031,
A82032,
A81027,
A82034,
A82044,
A82045,
A82046,
A82047,
A82048,
A82049,
A82050,
A82053,
A82055,
A82058,
A82060,
A82062,
A82064,
A82065,
A82068,
A82070,
A82071,
A82072,
A82074,
A82075,
A82077,
A82608,
A82613,
A82617,
A82620,
A82621,
A82623,
A82629,
A82631,
A82646,
A82647,
A82650,
A82651,
A83001,
A83003,
A83004,
A83005,
A83006,
A83007,
A83016,
A81632,
A81633,
A82037,
A83018,
A83019,
A83020,
A83021,
A83022,
A83023,
A83024,
A83026,
A83027,
A83028,
A83029,
A83030,
A83031,
A83032,
A83033,
A83034,
A83035,
A83036,
A83037,
A83038,
A83040,
A83041,
A83042,
A83043,
A83044,
A83045,
A83047,
A83048,
A83049,
A83051,
A83052,
A83054,
A83055,
A83057,
A83060,
A82038,
A82039,
A82041,
A83008,
A83009,
A83010,
A83061,
A83066,
A83070,
A84021,
A84022,
A84024,
A84025,
A84026,
A84027,
A84028,
A84029,
A84030,
A84031,
A84032,
A84033,
A84034,
A84035,
A84036,
A84037,
A84038,
A84039,
A84040,
A84042,
A84043,
A84044,
A84045,
A84047,
A84048,
A84604,
A84609,
A84614,
A84619,
A85001,
A85002,
A85003,
A83011,
A85004,
A85005,
A85006,
A85007,
A85010,
A85011,
A85013,
A85014,
A85016,
A85017,
A85018,
A85019,
A85020,
A85021,
A85023,
A85024,
A85026,
A85605,
A85609,
A85611,
A85614,
A85616,
A85617,
A85620,
A86003,
A86005,
A86006,
A86007,
A86008,
A86010,
A86011,
A86012,
A86013,
A86015,
A86016,
A86017,
A86018,
A86020,1
A86021,
A86022,
A86023,
A83012,
A83013,
A86024,
A86025,
A86028,
A86029,
A86030,
A86031,
A86035,
A86036,
A86037,
A86038,
A86040,
A86041,
A86601,
A87002,
A87003,
A87004,
A87005,
A87006,
A87007,
A87008,
A87009,
A87011,
A87012,
A87013,
A87014,
A87015,
A87016,
A87017,
A87019,
A87020,
A87022,
A87023,
A87027,
A87029,
A87030,
A87600,
A87612,
A83015,
A83017,
A89007,0
A83071,
A87615,
A88001,
A88002,
A88003,
A88004,
A88005,
A88006,
A88007,
A88008,
A89002,
A89004,
A89005,
A89006,
A89008,
A89009,
A89010,
A89011,
A89012,
A89014,
A89015,
A89016,
A89017,
A89018,
A89019,
A89020,
A89021,
A89022,
A89023,
A89024,
A89026,
A89027,
A89028,
A89029,
A89030,
A89031,
A89013,
A89624,
A83072,
A83073,
A88023,
A89032,
A89035,
A89036,
A89040,
A89041,
A89042,
A89603,
A89604,
A89610,
A89614,
A89616,
A89617,
A89620,
A89623,
B81002,
B81004,
B81007,
B81008,
B81009,
B81010,
B81011,
B81015,
B81016,
B81017,
B81018,
B81020,
B81021,
B81022,
B81023,
B81025,
B81026,
B81027,
B81029,
B81030,
B81032,
B81034,
B86034,
A83074,
B81035,
B81036,
B81037,
B81052,
B81053,
B81054,
B81055,
B81056,
B81058,
B81060,
B81061,
B81062,
B81063,
B81064,
B81065,
B81066,
B81068,
B81069,
B81070,
B81119,
B81602,
B81603,
B81606,
B81616,
B81617,
B81619,
B81620,
B81628,
B81631,
B81635,
B81642,
B81645,
B81647,
B81648,
B81653,
B81655,
B81656,0
B81658,
B81663,
B81664,
B81665,
B81666,
B81675,
B82042,0
A83075,
B81677,
B81682,
B81685,
B81688,
B81697,
B82001,
B82002,
B82004,
B82005,
B82007,
B82008,
B82010,
B82011,
B82012,
B82013,
B82014,
B82016,
B82017,
B82018,
B82019,
B82020,
B82021,
B82022,
B82023,
B82024,
B82025,
B82026,
B82027,
B82028,
B82029,
B82030,
B82031,
B82032,
B82033,
B82034,
B82035,
B82037,
B82038,
B82041,
B82044,
B82045,
B82046,
B82047,
B82049,0
B82622,1
A83076,
A83603,
B82050,
B82053,
B82054,
B82057,
B82059,
B82060,
B82061,
B82062,
B82063,
B82064,
B82066,
B82067,
B82068,
B82069,
B82071,
B82072,
B82073,
B82074,
B82075,
B82077,
B82078,
B82079,
B82080,
B82083,
B82086,
B82088,
B82091,
B82092,
B82097,
B82098,
B82100,
B82101,
B82104,
B82105,
B82106,
B82609,
B82611,
B82619,
A83610,
B82628,
B83002,
B83005,
B83006,
B83007,
B83008,
B83009,
B83010,
B83011,
B83012,
B83013,
B83014,
B83015,
B83016,
B83017,
B83018,
B83019,
B83020,
B83021,
B83022,
B83023,
B83025,
B83026,
B83027,
B83028,
B83029,
B83030,
B83032,
B83033,
B83034,
B83035,
B83037,
B83038,
B83040,
B83041,
B83042,
B83043,
B83044,
B83045,
B83049,
B83050,
B83056,0
A83616,
A83617,
A83618,
B83051,
B83052,
B83054,
B83055,
B83058,
B83061,
B83062,
B83063,
B83064,
B83067,
B83069,
B83070,
B83602,
B83604,
B83611,
B83613,
B83614,
B83617,
B83620,
B83621,
B83622,
B83624,
B83627,
B83628,
B83629,
B83631,
B83638,
B83641,
B83642,
B83653,
B83657,
B83659,
B83660,
B83661,
B84001,
B84002,
B84003,
A83619,
A83622,
B84004,
B84005,
B84006,
B84007,
B84008,
B84009,
B84010,
B84011,
B84012,
B84013,
B84014,
B84016,
B84017,
B84019,
B84021,
B84610,
B84612,
B84613,
B84618,
B84623,
B85001,
B85002,
B85004,
B85005,
B85006,
B85008,
B85009,
B85010,
B85011,
B85012,
B85014,
B85015,
B85016,
B85018,
B85019,
B85020,
B85021,
B85022,
B85023,
B85024,
A83626,
B85025,
B85026,
B85027,
B85028,
B85030,
B85031,
B85032,
B85033,
B85036,
B85038,
B85041,
B85042,
B85044,
B85048,
B85051,
B85054,
B85055,
B85058,
B85059,
B85060,
B85061,
B85062,
B85610,
B85611,
B85612,
B85614,
B85620,
B85621,
B85622,
B85623,
B85634,
B85636,
B85638,
B85640,
B85641,
B85645,
B85646,
B85650,
B85652,
B85655,
B85659,
B85660,
C82084,
B86007,1
A83627,
A83630,
B86001,
B86002,
B86003,
B86005,
B86006,
B86008,
B86009,
B86010,
B86011,
B86012,
B86013,
B86014,
B86015,
B86016,
B86017,
B86018,
B86019,
B86020,
B86022,
B86023,
B86024,
B86028,
B86029,
B86030,
B86031,
B86032,
B86033,
B86035,
B86036,
B86037,
B86038,
B86039,
B86041,
B86042,
B86043,
B86044,
B86638,
A83632,
B86047,
B86048,
B86049,
B86050,
B86051,
B86052,
B86054,
B86055,
B86056,
B86057,
B86058,
B86059,
B86060,
B86061,
B86062,
B86064,
B86066,
B86067,
B86068,
B86069,
B86070,
B86071,
B86074,
B86075,
B86077,
B86081,
B86089,
B86092,
B86093,
B86094,
B86095,
B86096,
B86100,
B86101,
B86103,
B86104,
B86106,
B86108,
B86109,
B86110,
B81024,
B86623,
B86625,
B86642,
B86643,
B86648,
B86651,
B86654,
B86655,
B86658,
B86666,
B86667,
B86672,
B86673,
B86675,
B86678,
B86682,
B87001,
B87002,
B87003,
B87004,
B87005,
B87006,
B87007,
B87008,
B87009,
B87011,
B87012,
B87013,
B87016,
B87017,
B87018,
B87019,
B87020,
B87021,
B87022,
B87023,
B87025,
B87026,
B87027,
B87028,
C81021,
C81028,
A83634,
A83635,
B87029,
B87030,
B87031,
B87032,
B87033,
B87036,
B87039,
B87040,
B87041,
B87042,
B87600,
B87602,
B87604,
C81002,
C81003,
C81004,
C81005,
C81006,
C81007,
C81008,
C81009,
C81010,
C81012,
C81013,
C81015,
C81016,
C81017,
C81018,
C81019,
C81020,
C81022,
C81023,
C81025,
C81026,
C81027,
C81029,
A83636,
C81030,
C81031,
C81032,
C81033,
C81034,
C81035,
C81036,
C81037,
C81038,
C81039,
C81040,
C81041,
C81042,
C81044,
C81045,
C81046,
C81047,
C81048,
C81049,
C81050,
C81051,
C81052,
C81053,
C81054,
C81055,
C81056,
C81057,
C81058,
C81059,
C81061,
C81062,
C81063,
C81064,
C81065,
C81066,
C81067,
C81068,
C81069,
C81070,
C81071,
C81072,
C81073,
C81074,
C81075,
A83637,
C81076,
C81077,
C81080,
C81082,
C81083,
C81084,
C81086,
C81087,
C81089,
C81090,
C81091,
C81092,
C81094,
C81095,
C81096,
C81097,
C81099,
C81100,
C81104,
C81106,
C81108,
C81110,
C81113,
C81114,
C81115,
C81118,
C81604,
C81611,
C81615,
C81616,
C81629,
C81634,
C81638,
C81640,
C81642,
C81647,
C81648,
C81649,
C81652,
C81653,
C81654,
C81655,
C81658,
C81660,
C82029,
C82009,
A83641,
A83644,
C81661,
C81662,
C82001,
C82002,
C82003,
C82005,
C82007,
C82008,
C82010,
C82011,
C82012,
C82013,
C82014,
C82015,
C82016,
C82017,
C82018,
C82020,
C82021,
C82022,
C82023,
C82024,
C82025,
C82026,
C82027,
C82028,
C82030,
C82031,
C82032,
C82034,
C82035,
C82036,
C82037,
C82038,
C82039,
C82040,
C82041,
C82019,
C82042,1
A84002,
A84003,
C82043,
C82044,
C82045,
C82046,
C82047,
C82048,
C82050,
C82052,
C82053,
C82054,
C82055,
C82056,
C82059,
C82060,
C82061,
C82062,
C82063,
C82064,
C82066,
C82070,
C82071,
C82072,
C82073,
C82075,
C82076,
C82078,
C82079,
C82080,
C82082,
C82088,
C82091,
C82092,
C82093,
C82094,
C82095,
C82096,
C82077,1
C82051,0
A89612,
C82097,
C82098,
C82099,
C82100,
C82103,
C82105,
C82107,
C82109,
C82111,
C82112,
C82114,
C82116,
C82119,
C82120,
C82121,
C82122,
C82123,
C82124,
C82600,
C82610,
C82611,
C82614,
C82623,
C82624,
C82628,
C82631,
C82634,
C82639,
C82642,
C82643,
C82644,
C82649,
C82650,
C82653,
C82656,
C82657,
C82660,
C82662,
C82663,
C82667,
C82669,
C82670,
C82671,
C82676,
C82678,
A84007,
C83010,
C83003,
A84005,
A84006,
C83038,1
C82680,
C83001,
C83002,
C83004,
C83005,
C83006,
C83007,
C83009,
C83011,
C83013,
C83014,
C83015,
C83016,
C83017,
C83019,
C83020,
C83022,
C83023,
C83024,
C83025,
C83026,
C83027,
C83028,
C83029,
C83030,
C83031,
C83032,
C83033,
C83035,
C83037,
C83039,
C83040,
C83008,
C88053,
C83054,1
A84008,
A84009,
C83041,
C83042,
C83043,
C83044,
C83045,
C83047,
C83048,
C83049,
C83051,
C83052,
C83053,
C83055,
C83056,
C83057,
C83058,
C83059,
C83060,
C83061,
C83062,
C83063,
C83064,
C83065,
C83067,
C83068,
C83071,
C83072,
C83073,
C83074,
C83078,
C83079,
C83080,
C83082,
C83083,
C83085,
C83605,
C83611,
C83613,
C83617,
A84011,
C83626,
C83628,
C83631,
C83633,
C83634,
C83635,
C83637,
C83641,
C83643,
C83649,
C83650,
C83652,
C83653,
C84001,
C84002,
C84003,
C84004,
C84005,
C84008,
C84009,
C84010,
C84011,
C84012,
C84013,
C84014,
C84016,
C84017,
C84018,
C84019,
C84020,
C84021,
C84023,
C84024,
C84025,
C84026,
C84028,
C84030,
C84031,
C84032,
C84033,
C84034,
D81054,
A84014,
C84035,
C84037,
C84039,
C84042,
C84043,
C84044,
C84045,
C84046,
C84047,
C84048,
C84049,
C84051,
C84052,
C84053,
C84055,
C84057,
C84059,
C84060,
C84061,
C84063,
C84064,
C84065,
C84066,
C84067,
C84069,
C84072,
C84074,
C84076,
C84077,
C84078,
C84080,
C84081,
C84084,
C84085,
C84087,
C84090,
C84091,
C84092,
C84094,
A84015,
A84016,
C84095,
C84096,
C84101,
C84103,
C84104,
C84105,
C84106,
C84107,
C84112,
C84113,
C84114,
C84115,
C84116,
C84117,
C84120,
C84122,
C84123,
C84124,
C84125,
C84127,
C84129,
C84131,
C84133,
C84135,
C84136,
C84138,
C84140,
C84142,
C84144,
C84150,
C84151,
C84602,
C84605,
C84613,
C84619,
C84621,
C84628,
C84629,
C84633,
C84635,
A84018,
A84020,
C84637,
C84646,
C84647,
C84654,
C84656,
C84658,
C84664,
C84667,
C84672,
C84676,
C84679,
C84680,
C84682,
C84683,
C84688,
C84691,
C84692,
C84693,
C84694,
C84695,
C84696,
C84698,
C84703,
C84704,
C84705,
C84709,
C84710,
C84714,
C84717,
C85001,
C85003,
C85004,
C85005,
C85006,
C85007,
C85009,
C85010,
C85013,
C85014,
C85015,
C85016,
C85017,
C85018,
C85019,
C85020,
C85022,
A85012,
A86033,
A88009,
B81003,
C85023,
C85024,
C85026,
C85028,
C85030,
C85033,
C85614,
C85619,
C85622,
C85623,
C85628,
C86001,
C86002,
C86003,
C86005,
C86006,
C86007,
C86009,
C86011,
C86012,
C86013,
C86014,
C86015,
C86016,
C86017,
C86018,
C86019,
C86020,
C86021,
C86022,
C86023,
C86024,
C86025,
C86026,
C86029,
C86030,
C86032,
C86033,
C86034,
A88010,
C86037,
C86038,
C86039,
C86605,
C86606,
C86609,
C86611,
C86614,
C86616,
C86621,
C86623,
C86625,
C86626,
C87002,
C87003,
C87004,
C87005,
C87006,
C87007,
C87008,
C87009,
C87010,
C87012,
C87013,
C87014,
C87015,
C87016,
C87017,
C87018,
C87020,
C87022,
C87023,
C87024,
C87029,
C87030,
C87031,
C87603,
C87604,
C87606,
C87616,
C87620,
C87621,
C87622,
C87608,1
A88011,
A88012,
A88013,
A88014,
B81005,
C88005,
C88006,
C88007,
C88008,
C88009,
C88010,
C88011,
C88014,
C88015,
C88016,
C88018,
C88019,
C88020,
C88021,
C88022,
C88023,
C88024,
C88025,
C88026,
C88027,
C88028,
C88030,
C88031,
C88032,
C88033,
C88034,
C88035,
C88036,
C88037,
C88038,
C88039,
A88015,
C88040,
C88042,
C88043,
C88044,
C88045,
C88046,
C88047,
C88048,
C88049,
C88050,
C88052,
C88054,
C88057,
C88059,
C88060,
C88062,
C88068,
C88069,
C88070,
C88072,
C88073,
C88074,
C88077,
C88078,
C88079,
C88082,
C88083,
C88084,
C88085,
C88086,
C88087,
C88090,
C88091,
C88092,
C88095,
C88096,
C88622,
C88627,
C88631,
C88076,1
C88051,1
D81008,
D81010,0
D81015,0
D81028,
B81012,
C88643,
C88647,
C88648,
C88652,
C88655,
C88656,
D81001,
D81002,
D81003,
D81005,
D81007,
D81009,
D81012,
D81013,
D81014,
D81017,
D81018,
D81019,1
D81020,
D81021,
D81022,
D81023,
D81024,
D81025,
D81026,
D81027,
D81029,1
D81030,
D81031,
D81032,
D81033,
D81034,
D81035,
D81037,
D81038,
D81036,0
A83050,0
D81045,1
B81013,
D81039,
D81040,
D81042,
D81043,
D81044,
D81046,
D81047,
D81049,
D81050,
D81051,
D81052,
D81053,
D81055,
D81056,
D81057,
D81058,
D81059,
D81060,
D81062,
D81063,
D81064,
D81065,
D81066,
D81070,
D81071,
D81073,
D81074,
D81078,
D81081,
D81082,
D81084,
D81085,
D81086,
D81087,
D81602,
D81603,
D81605,
D81606,
D81607,
D81611,
D82020,
A88016,
B81014,
D81612,
D81615,
D81616,
D81618,
D81620,
D81622,
D81623,
D81624,
D81625,
D81629,
D81631,
D81633,
D81637,
D81645,
D82002,
D82003,
D82004,
D82005,
D82006,
D82007,
D82008,
D82009,
D82011,
D82012,1
D82013,
D82015,
D82016,
D82018,
D82019,
D82022,
D82023,
D82024,
D82025,
D82026,
D82027,
D82028,
D82010,
D81619,1
D82017,1
A88020,
A88022,
A88025,
A88601,
A88603,
A88608,
A88611,
A88613,
A88614,
A89001,
A89003,
A81051,
A81052,
A89034,
A82027,
A82654,
A83014,
A83046,
A84013,
A85008,
A85009,
A86026,
A86027,
A89025,
B81038,
B81074,
B81692,
B81693,
B87044,
C81001,
B84615,
C81101,
B81039,
B85606,
B86025,
C82067,
C82068,
B86086,
C82626,
C82627,
B81075,
B87015,
B81040,
C81014,
C81060,
C84029,
C84086,
B81041,
C82033,
C84624,
B81077,
C82086,
B81042,
C82651,
C83036,
B81080,
C83614,
B81081,
C84036,
B81082,
C84660,
D82035,
D82036,
D82037,
C86613,
D82104,
B81043,
D83040,
C88088,
D81016,
E81059,
E82028,
E82031,
E82085,
E82086,
E82088,
E82661,
E82663,
E84017,
E84023,
E84025,
D83619,
E84646,
E85064,
E82006,
E82063,
E82131,
E87029,
E84014,
E87754,
B81045,
D82029,
D82030,
D82031,
D82032,
D82034,1
B81046,
B81084,
D82038,
F81738,
E86625,
B81085,
D82039,0
B81047,
D82040,
D82041,
D82042,
B81087,
D82045,
F82646,
F86689,
F86691,
B81088,
G81048,
G81099,
G82062,
B81089,
D82046,
D82047,
G82653,
G82744,
B81090,
D82048,
B81091,
D82049,
D82050,
D82051,
D82053,1
B81092,
B81094,
D82054,
B81095,
D82056,
B81097,
D82057,
B81048,
D82058,
B81099,1
D82059,
E83654,
E83657,
H83622,
D82060,
D82062,
H85056,
H85057,
H85061,
D82063,
D82064,
D82065,0
D82066,1
D82067,
B81100,
D82068,
D82069,
D82070,
D82071,0
B81049,
B81101,
D82072,
D82073,
B81104,
D82076,
J84019,
K81638,
K82047,
K83008,
B81108,
D82078,
J83013,
B81109,
E84005,
K84082,
K84605,
K84610,
K84617,
D82079,0
B81112,
B81113,
B81118,
D82080,
E84007,
L82021,
L82023,
B81050,
D82081,
A82063,
D82084,
L84052,
B81051,
D82085,
M83034,
D82087,
A81016,
D82100,
A81001,
A81002,
A81004,
A81005,
A81006,
A81007,
A81009,
A81011,
A81012,
A81013,
A81014,
A81015,
A81017,
A81018,
A81019,
A81020,
A81021,
A81022,
A81023,
A81025,
D82088,
D82096,
D82099,
B81031,
D82105,
D82106,
D82600,
D82604,
D82618,
D82621,
D82624,
D82628,
D82632,
D83001,
D83002,
D83003,
D83004,
D83005,
D83006,1
D83007,
D83008,
D83009,
D83011,
D83012,
D83013,
D83014,
D83015,
D83016,
D83017,
D83018,
D83019,
D83021,
D83022,
D83023,
D83024,
D83026,
D83027,
D83029,
D83030,
D83033,
D83034,
D83035,
D83036,
D83037,
D83038,
D83039,
D83041,
D83020,1
B82036,
D83043,
D83044,
D83046,
D83047,
D83048,
D83049,
D83050,
D83053,
D83054,
D83055,
D83056,
D83057,
D83058,
D83059,
D83060,
D83061,
D83069,
D83070,
D83073,
D83074,
D83075,
D83076,
D83051,
D83079,0
D83080,
D83081,
D83082,
D83084,
D83608,
D83610,
D83615,
E81001,
E81002,
E81004,
E81005,
E81006,
E81008,
E81009,
E81010,
D83062,
E81011,
D83067,0
E84678,
E81007,0
B82103,
E81012,
E81013,
E81014,
E81016,
E81017,
E81018,
E81019,
E81021,
E81022,
E81023,
E81024,
E81025,
E81026,
E81027,
E81028,
E81029,
E81030,
E81031,
E81032,
E81033,
E81034,
E81035,
E81036,
E81037,
E81038,
E81040,
E81041,
E81043,
E81044,
E81045,
E81046,
E81047,
E81048,
E81049,
E81050,
E81052,
E81054,
E81056,
E81057,
E81060,
E81061,
E81062,
E81063,
M84005,
A83025,
B83039,
E81064,
E81065,
E81069,
E81073,
E81074,
E81075,
E81076,
E81077,
E81611,
E81612,
E81615,
E81617,
E81626,
E81631,
E81633,
E81635,
E81636,
E82001,
E82002,
E82004,
E82005,
E82007,
E82009,
E82011,
E82012,
E82013,
E82014,
E82015,
E82017,
E82018,
E82019,
E82020,
E82021,
E82022,
E82023,
E82024,
E82008,
E82025,
E82027,
E81632,
B83031,
E82032,
E82034,
E82035,
E82037,
E82039,
E82040,
E82041,
E82042,
E82043,
E82044,
E82045,
E82046,
E82048,
E82049,
E82050,
E82051,
E82053,
E82054,
E82055,
E82056,
E82057,
E82058,
E82059,
E82060,
E82061,
E82062,
E82064,
E82066,
E82067,
E82068,
E82069,
E82070,
E82071,
E82072,
E82074,
E82075,
E82076,
E82078,
E82079,
E82080,
E82077,1
E82081,
E82082,
E82083,
E85686,
B83626,
B85619,
E82084,
E82089,
E82091,
E82093,
E82094,
E82095,
E82096,
E82098,
E82099,
E82102,
E82104,
E82105,
E82106,
E82107,
E82109,
E82111,
E82113,
E82115,
E82121,
E82123,
E82124,
E82126,
E82129,
E82130,
E82132,
E82133,
E82603,
E82613,
E82620,
E82626,
E82627,
E82630,
E82638,
E82640,
E82641,
E82643,
E82644,
E82652,
E82092,
E82117,
E82654,
E82655,
E82090,1
E82657,
A86004,
B85037,
E82656,
E83003,
E83005,
E83006,
E83007,
E83008,
E83009,
E83011,
E83012,
E83013,
E83016,
E83017,
E83018,
E83020,
E83021,
E83024,
E83025,
E83026,
E83027,
E83028,
E83031,
E83032,
E83034,
E83037,
E83038,
E83039,
E83041,
E83042,
E83044,
E83045,
E83046,
E83049,
E83050,
E83035,
E83036,
E83010,1
E83030,1
B86004,
E83053,
E83600,
E83613,
E83622,1
E83624,
E83629,
E83631,
E83632,
E83633,
E83637,
E83639,
E83644,
E83650,
E83653,
E83656,
E83658,
E83666,
E83668,
E84002,
E84003,1
E84004,
E84006,
E84008,1
E84009,
E84011,
E84012,
E84013,
E84015,
E84018,
E84020,
E84021,
E84022,
E84026,
E84028,
E84029,
E84031,
E84032,
E83638,
E84033,
E84036,
E83649,
B86633,
E84039,
E84601,1
E84040,
E84042,
E84044,
E84048,
E84049,
E84053,
E84056,
E84057,
E84058,
E84059,
E84061,
E84062,
E84063,
E84066,
E84067,
E84068,
E84069,
E84070,
E84074,
E84075,
E84076,
E84077,
E84078,
E84080,
E84083,
E84084,
E84086,
E84617,
E84620,
E84624,
E84626,
E84635,
E84637,
E84638,
E84645,
E84647,
E84051,0
E84653,
E84656,
E84658,
E84663,
E84665,
E84667,
B81006,
B86670,
E84674,
E84676,
E84680,
E84681,
E84684,
E84685,1
E84690,
E84693,
E84696,
E84699,
E84701,
E84702,
E84704,
E84705,
E84709,
E84713,
E85001,
E85003,
E85004,
E85005,
E85006,
E85007,
E85008,
E85012,
E85013,
E85014,
E85015,
E85016,
E85019,
E85020,
E85023,
E85024,
E85025,
E85026,
E85018,
E85021,1
E85028,
E85029,
E85030,
E85032,
E85033,
E85034,
E85035,
F81088,
E85038,
E85040,
E85041,
E85042,1
E85045,
E85048,
E85049,
E85050,
E85051,
E85052,
E85053,
E85054,
E85055,
E85056,
E85057,
E85058,
E85059,
E85060,
E85061,
E85062,
E85066,
E85069,
E85071,
E85075,1
E85077,
E85083,
E85088,
E85090,
E85091,
E85096,
E85098,
E85099,
E85103,
E85105,
E85108,
E85109,
E85110,
E85111,
E85112,
E85113,
E85114,
E85116,
E85117,
E85118,
E85115,1
E85107,1
B81121,
C81081,
E85119,
E85120,
E85121,
E85122,
E85123,
E85125,
E85126,
E85127,
E85128,
E85129,
E85130,
E85600,
E85605,
E85617,
E85623,
E85624,
E85625,
E85628,
E85630,
E85633,
E85635,
E85636,
E85640,
E85643,
E85649,
E85656,
E85657,
E85658,
E85659,
E85663,
E85672,
E85673,
E85677,
E85680,
E85681,
E85682,
E85683,
E85685,
E85687,
E85692,
E85693,
E85694,
E85696,
E85697,
E85699,
E85705,
E85707,
E85708,
E85712,
E85713,
E85714,
E85715,
E85716,
E85718,
E85721,
E85723,
E85725,
E85726,
E85727,
E85728,
E85732,
E85733,
E85734,
E85735,
E85736,
E85739,
E85740,
E85743,
E85744,
E85745,
E85746,
E85748,
E85750,
E86001,
E86003,
E86004,
E86005,
E86006,
E86007,
E86009,
E86010,
E86011,
E86012,
E86014,
E86015,
E86016,
E86017,
E86018,
E86019,
B82081,
E86020,
E86022,
E86026,
E86027,
E86028,
E86029,
E86030,
E86033,
E86034,
E86036,
E86038,
E86041,
E86042,
E86605,
E86609,
E86610,
E86612,
E86615,
E86618,
E86619,
E86620,
E86626,
E86629,
E86632,
E86637,
E86640,
E87002,
E87003,
E87004,
E87005,
E87006,
E87007,
E87009,
E87010,
E87011,
E87013,
E87016,
E87017,
E87021,
E87024,
E87026,
E87034,
E87037,
E87008,1
E87043,
E87045,
E87047,
E87048,
E87050,
E87052,
E87057,
E87061,
E87063,
E87065,
E87066,
E87067,
E87070,
E87609,0
E87637,
E87648,
E87663,
E87665,
E87677,
E87681,
E87682,
E87691,
E87694,
E87701,
E87702,
E87706,
E87711,
E87714,
E87715,
E87720,
E87722,
E87735,
E87737,
E87738,
E87739,
E87740,
E87069,0
E87742,
E87745,
E87746,
E87750,
E87751,
E87753,
E87755,
E87756,
E87762,
E87768,
E87733,1
C82659,
E87772,
F81001,
F81003,
F81004,
F81006,
F81007,
F81009,
F81010,
F81011,
F81012,
F81013,
F81014,
F81015,
F81016,
F81017,
F81018,
F81019,
F81020,
F81021,
F81022,
F81023,
F81024,
F81025,
F81026,
F81027,
F81028,
F81029,
F81030,
F81032,
F81034,
F81035,
F81036,
F81038,
F81040,
F81041,
F81042,
F81043,
F81044,
F81045,
F81046,
F81048,
F81037,
F81051,
F81052,
F81053,
F81055,
F81056,
F81057,
F81060,
F81061,
F81085,0
F81065,
F81066,
F81067,
F81068,
F81069,
F81070,
F81071,
F81073,
F81074,
F81075,
F81076,
F81078,
F81079,
F81080,
F81081,
F81082,
F81083,
F81084,
F81086,
F81087,
F81089,
F81090,
F81091,
F81092,
F81094,
F81095,
F81096,
F81097,
F81098,
F81099,
F81100,
F81101,
F81102,
F81104,
F81105,
F81106,
F81108,
F81109,
F84632,
C83075,
F81110,
F81111,
F81112,
F81113,
F81114,
F81115,
F81116,
F81117,
F81118,
F81119,
F81120,
F81122,
F81123,
F81125,
F81126,
F81128,
F81130,
F81131,
F81132,
F81133,
F81134,
F81136,
F81137,
F81138,
F81141,
F81142,
F81144,
F81147,
F81149,
F81150,
F81151,
F81152,
F81153,
F81155,
F81156,
F81157,
F81158,
F81121,1
F81163,
F81164,
F81165,
F81127,
F81168,
F81169,
F81170,
F81173,
F81176,
F81177,
F81181,
F81183,
F81184,
F81185,
F81186,
F81192,
F81193,
F81195,
F81197,
F81198,
F81200,
F81205,
F81206,
F81207,
F81209,
F81211,
F81212,
F81213,
F81215,
F81216,
F81218,
F81219,
F81222,
F81223,
F81622,1
F81608,
F81613,
F81618,
F81619,
F81632,
F81633,
F81635,
F81640,
F81641,
F81644,
F81645,
F81648,
F81649,
F81651,
F81652,
F81656,
F81665,
F81666,
F81669,
F81670,
F81221,1
B86669,
C84650,
F81672,
F81674,
F81675,
F81679,
F81681,
F81684,
F81688,
F81690,
F81691,
F81695,
F81696,
F81697,
F81698,
F81700,
F81704,
F81707,
F81708,
F81711,
F81713,
F81716,
F81718,
F81720,
F81725,
F81729,
F81730,
F81732,
F81733,
F81737,
F81739,
F81740,
F81741,
F81742,
F81743,
F81744,
F81724,
F81746,
F81749,
F81751,
F81755,
F81756,
F81757,
F81683,
F81758,
F82002,
F82004,
F81721,1
F82003,1
C85008,
F82005,
F82006,
F82007,
F82008,
F82009,
F82010,
F82011,
F82012,
F82013,
F82014,
F82015,
F82016,
F82017,
F82019,
F82021,
F82022,
F82023,
F82018,1
F82027,
F82028,
F82030,
F82031,
F82033,
F82034,
F82038,
F82039,
F82040,
F82042,
F82045,
F82051,
F82053,
F82055,
F82604,
F82607,
F82609,
F82610,
F82612,
F82614,
F82619,0
F82621,
F82624,
F82627,
F82630,
F82638,
F82639,
F82642,
C84712,
F82648,
F82649,
F82650,
F82653,
F82660,
F82661,
F82663,
F82665,
F82666,1
F82668,
F82670,
F82671,
F82674,
F82675,
F82676,
F82677,
F82678,
F82679,
F82680,
F82686,
F83002,
F83003,
F83004,1
F83005,
F83006,
F83007,
F83008,
F83010,
F83011,
F83012,
F83015,
F83017,
F83018,
F83019,
F83020,
F83021,
F83022,
F83023,
F83025,
F83027,
F82647,
F83030,
F83033,
F83034,
F83039,
F83042,
F83043,
F83044,
F83045,
F83048,
F83050,
F83051,
F83052,
F83055,
F83056,
F83058,
F83059,
F83060,
F83061,
F83063,
F83064,
F83615,
F83623,
F83624,
F83632,
F83633,
F83635,
F83652,
F83658,
F83660,
F83664,
F83665,
F83666,
F83671,
F83672,
F83673,
F83674,
F83677,
F83678,
F83680,
F83681,
F83682,
F83683,
F83686,
F84003,
F84004,
F84006,
F84009,
F84010,
F84012,
F84013,
F84014,
F83053,0
C88041,
F84015,
F84016,
F84017,
F84018,
F84021,
F84022,
F84025,
F84030,
F84031,
F84032,
F84033,
F84034,
F84035,
F84036,
F84038,
F84039,
F84041,
F84043,
F84044,
F84046,
F84047,1
F84050,
F84051,
F84052,
F84053,
F84054,
F84055,
F84060,
F84062,
F84063,
F84069,
F84070,
F84072,
F84074,
F84077,
F84079,
F84080,
F84081,
F84083,
F84086,
F84087,
F84088,
F84089,
F84091,
F84093,
F84096,
F84097,
F84105,
F84122,
F84114,
F84115,
F84117,
F84118,
F84119,
F84121,
F84123,
F84124,
F84601,
F84619,
F84620,
F84621,
F84624,
F84631,
F84635,
F84636,
F84640,
F84641,
F84642,
F84647,
F84656,
F84657,
F84658,
F84660,
F84661,
F84666,
F84668,
F84669,
F84670,
F84671,
F84672,
F84673,
F84676,
F84677,
F84679,
F84681,
F84682,
F84685,
F84686,1
F84692,
F84694,
F84696,
F84698,
F84702,
F84706,
C82620,
D81011,
F84710,
F84711,
F84713,
F84714,
F84716,
F84717,
F84718,
F84719,
F84720,
F84724,
F84729,
F84730,
F84731,
F84733,
F84734,
F84735,
F84739,
F84740,
F84741,
F84742,
F84747,
F84749,
F84750,
F85002,
F85003,
F85007,
F85008,
F85010,
F85013,
F85014,
F85015,
F85016,
F85019,
F85020,
F85024,
F85025,
F85027,
F85028,
F85017,
F85004,1
F85029,
F85030,
F85031,
F84708,1
C83018,
C83046,
D81041,
F85032,
F85033,
F85034,
F85035,
F85036,
F85039,
F85043,
F85044,
F85045,
F85046,
F85048,
F85049,
F85052,
F85053,
F85055,
F85058,
F85060,
F85061,
F85063,
F85064,
F85065,
F85066,
F85067,
F85069,
F85072,
F85076,
F85615,
F85623,
F85625,
F85628,
F85640,
F85642,
F85645,
F85650,
F85652,
F85654,
F85656,
F85634,1
F85663,1
F85666,
F85669,
F85675,
F85676,
D82001,
F85678,
F85679,
F85681,
F85682,
F85684,
F85687,
F85688,
F85697,1
F85700,
F85701,
F85703,
F85705,
F85707,
F85708,
F86001,
F86004,
F86005,
F86006,
F86008,
F86009,
F86010,
F86011,
F86013,
F86018,
F86020,
F86022,
F86023,
F86025,
F86026,
F86028,
F86030,
F86032,
F86034,
F86036,
F86038,
F86040,
F86042,
F86044,
F86045,
F86049,
F86007,
F86058,
F86060,
F86062,
F86064,
F86012,1
F86692,1
F86066,
F86073,
F86074,
F86078,
F86081,
F86083,
F86085,
F86086,
F86087,
F86088,
F86607,
F86612,
F86621,
F86624,
F86625,
F86626,
F86627,
F86637,
F86638,
F86639,
F86641,
F86644,
F86650,
F86652,
F86655,
F86657,
F86658,
F86664,
F86666,
F86675,
F86679,
F86696,
F86698,
F86700,1
F86701,
F86702,
F86703,
F86707,
F86708,
F86712,
F86704,
F86731,
G81001,
G81002,
D82044,0
F86616,
D83010,
D83064,
G81003,
G81004,
G81006,
G81007,
G81008,
G81009,
G81011,
G81012,
G81013,
G81014,
G81017,
G81018,
G81019,
G81021,
G81022,
G81023,
G81024,
G81025,
G81026,
G81027,
G81028,
G81029,
G81030,
G81031,
G81032,
G81033,
G81034,
G81035,0
G81036,
G81037,
G81038,
G81039,
G81040,
G81041,
G81042,
G81043,
G81044,
G81046,
G81047,
G81049,
G81050,
G81016,1
G81051,
G81052,
E81003,
G81053,
G81054,
G81055,
G81056,
G81057,
G81059,
G81061,
G81063,
G81065,
G81070,
G81071,
G81073,
G81074,
G81075,
G81076,
G81077,
G81082,
G81084,
G81085,
G81086,
G81087,
G81088,
G81089,
G81090,
G81094,
G81095,
G81096,
G81097,
G81098,
G81100,
G81102,
G81103,
G81104,
G81105,
G81613,
G81614,
G81634,
G81638,
G81641,
G81642,
G81646,
G81083,
G81651,
G81656,
G81658,
G81663,
G81667,
G81669,
G81680,
G81684,
G81689,
G81694,
G82002,
G82006,
G82007,
G82011,
G82012,
G82013,
G82014,
G82015,
G82016,
G82017,
G82019,
G82020,
G82055,1
G82022,
G82023,
G82024,
G82025,
G82026,
G82027,
G82028,
G82029,
G82031,
G82032,
G82035,
G82036,
G82037,
G82038,
G82039,
G82041,
G82042,
G82046,
G82048,
G82049,
G82050,
G82051,
G82052,
G82053,
G82018,1
G82044,0
G82056,
G82057,
G82058,
G82059,
G82060,
G82063,
G82064,
G82065,
G82066,
G82067,
G82069,
G82071,
G82072,
G82073,
G82074,
G82075,
G82076,
G82077,
G82079,
G82080,
G82082,
G82083,
G82085,
G82086,
G82087,
G82088,
G82089,
G82090,
G82092,
G82093,
G82094,
G82095,
G82096,
G82097,
G82098,
G82099,
G82100,
G82103,
G82104,
G82105,
G82106,
G82107,
G82108,
G82109,
G82110,
G82111,
G82112,
G82113,
G82114,
G82115,
G82117,
G82118,
G82119,
G82121,
G82122,
G82123,
G82125,
G82126,
G82128,
G82129,
G82133,
G82135,
G82137,
G82138,
G82139,
G82140,
G82141,
G82204,1
G82143,
G82147,
G82148,
G82150,
G82152,
G82154,
G82155,
G82160,
G82162,
G82164,
G82165,
G82170,
G82175,
G82180,
G82184,
G82185,
G82186,
G82187,
G82197,
G82198,
G82200,
G82203,1
G82205,
G82206,
G82211,
G82212,
G82215,
E82100,
G82217,
G82218,
G82219,
G82221,
G82224,
G82225,
G82226,
G82227,
G82228,
G82229,
G82230,
G82231,
G82232,
G82233,
G82234,
G82235,
G82600,
G82604,
G82605,
G82622,
G82631,
G82634,
G82635,
G82639,
G82641,
G82647,
G82648,
G82649,
G82650,
G82658,
G82662,
G82665,
G82666,
G82667,
G82671,
G82681,
G82682,
G82684,
G82686,
G82679,
G82687,
G82688,
G82690,
G82691,
G82693,
D81004,1
G82697,
G82698,
G82700,
G82702,
G82704,
G82706,
G82708,
G82710,
G82711,
G82712,
G82719,
G82721,
G82722,
G82726,
G82727,
G82729,
G82730,
G82732,
G82733,
G82735,
G82737,
G82741,
G82751,
G82753,
G82754,
G82757,
G82760,
G82762,
G82763,
G82768,
G82775,
G82777,
G82780,
G82790,
G82791,
G82793,
G82796,
G82799,
G82802,
H81118,
G82808,
G82809,
G82888,
G83001,
G83002,
G83003,
G83004,
G83005,
G83006,
G83009,
G83010,
G83012,
G83013,
G83015,
G83016,
G83017,
G83018,
G83019,
G83021,
G83022,
G83024,
G83025,
G83026,
G83027,
G83028,
G83029,
G83030,
G83031,
G83033,
G83034,
G83037,
G83039,
G83043,
G83044,
G83049,
G83052,
G83053,
G83057,
G83058,
G83060,
G83061,
G83062,
G83064,
G83065,
G83066,
G83067,
G83068,
G83628,
G83631,
G83633,
G83635,
G83641,
G83642,
D81630,
G83647,
G83651,
G83654,
G83655,
G83663,
G83668,
G83672,
G83673,
G83680,
G84001,
G84002,
G84003,
G84004,
G84005,
G84006,
G84007,
G84008,
G84009,
G84010,
G84011,
G84013,
G84015,
G84016,
G84017,
G84018,
G84019,
G84020,
G84021,
G84022,
G84023,
G84024,
G84025,
G84027,
G84028,
G84029,
G84030,
G84032,
G84033,
G84035,
G84039,
G84040,
G84041,
G84604,
G84607,
G84609,
G84621,
G84624,
G84625,
D82043,
E84657,
G84627,
G84628,
G84629,
G84630,
G85001,
G85002,
G85003,
G85004,
G85006,
G85008,
G85009,
G85010,
G85011,
G85012,
G85013,
G85014,
G85015,
G85016,
G85019,
G85020,
G85021,
G85022,
G85023,
G85024,1
G85025,
G85026,
G85027,
G85028,
G85029,
G85030,
G85031,
G85032,
G85034,
G85035,
G85036,
G85038,
G85039,
G85040,
G85041,
G85042,
G85044,
G85045,
D82613,
D83028,
G85046,
G85047,
G85048,
G85050,
G85051,
G85052,
G85054,
G85055,
G85057,
G85061,
G85073,
G85076,
G85081,
G85082,
G85083,
G85084,
G85085,
G85086,
G85087,
G85088,
G85089,
G85091,
G85095,
G85096,
G85097,
G85099,
G85100,
G85102,
G85105,
G85106,
G85109,
G85112,
G85113,
G85114,
G85119,
G85120,
G85121,
G85123,
G85124,
G85125,
G85127,
G85053,0
G85129,
G85130,
D83045,
E85124,
G85132,
G85133,
G85134,
G85135,
G85136,
G85137,
G85138,
G85623,
G85632,
G85633,
G85642,
G85644,
G85647,
G85651,
G85662,
G85673,
G85674,
G85681,
G85690,
G85692,
G85695,
G85696,
G85698,
G85705,
G85706,
G85708,
G85711,
G85712,
G85715,
G85716,
G85717,
G85721,
G85722,
G85723,
G85724,
G85726,
G85727,
G85736,1
H81002,
H81003,
H81004,
H81005,
H81006,
E81015,
E85700,
H81007,
H81009,
H81010,
H81011,
H81013,
H81016,
H81017,
H81019,
H81020,
H81021,
H81022,
H81023,
H81024,
H81025,
H81026,
H81027,
H81028,
H81029,
H81030,
H81031,
H81032,
H81033,
H81034,
H81035,
H81036,
H81037,
H81038,
H81039,
H81040,
H81041,
H81042,
H81043,
H81045,
H81046,
H81047,
H81048,
H81050,
H81051,
H81052,
H81053,
H81015,
H81054,
H81055,
H81057,
H81104,1
H81058,
H81060,
H81061,
H81062,
H81064,
H81066,
H81067,
H81068,
H81069,
H81070,
H81071,
H81072,
H81073,
H81074,
H81075,
H81076,
H81077,
H81078,
H81080,
H81081,
H81082,
H81083,
H81084,
H81085,
H81086,
H81087,
H81088,
H81089,
H81090,
H81091,
H81094,
H81095,
H81097,
H81099,
H81101,
H81103,
H81107,
H81109,
H81110,
H81111,
H81113,
H81116,
H81065,
H81119,
H81122,
E82038,
E87649,
H81123,
H81126,
H81128,
H81129,
H81130,
H81131,
H81132,
H81133,
H81134,
H81611,
H81613,
H81615,
H81618,
H81620,
H81632,
H81638,
H81641,
H81643,
H81647,
H81656,
H81658,
H81663,
H81664,
H81667,
H81672,
H82003,
H82004,
H82006,
H82007,
H82008,
H82009,
H82010,
H82011,
H82012,
H82013,
H82014,
H82015,
H82016,
H82017,
H82020,
H82005,
H82021,
H82022,
H82023,
H82025,
H82026,
H82027,1
H82028,
H82029,
H82030,
H82031,
H82032,
H82033,
H82034,
H82035,
H82036,
H82037,
H82038,
H82040,
H82041,
H82042,
H82043,
H82044,
H82045,
H82046,
H82047,
H82048,
H82049,
H82050,
H82051,
H82052,
H82053,
H82057,
H82058,
H82061,
H82063,
H82064,
H82065,
H82066,
H82067,
H82055,1
H82056,1
F81072,1
H82092,
H82070,
H82072,
H82076,
H82077,
H82078,
H82083,
H82084,
H82087,
H82088,
H82089,
H82091,
H82094,
H82095,
H82096,
H82098,
H82099,
H82100,
H82615,
H82621,
H82640,
H82641,
H83001,
H83002,
H83004,
H83005,
H83006,
H83007,
H83009,
H83010,
H83011,
H83012,
H83013,
H83014,
H83015,
H83016,
H83017,
H83018,
H83019,
H83020,
H83021,
J82098,
H83022,
E83621,
H83023,
H83024,
H83027,
H83028,
H83029,
H83030,
H83031,
H83033,
H83034,
H83037,
H83039,
H83040,
H83042,
H83043,
H83044,
H83046,
H83048,
H83049,
H83050,
H83051,
H83052,
H83053,
H83608,
H83609,
H83611,
H83620,
H83623,
H83624,
H83625,
H83626,
H83627,
H83631,
H83634,
H84002,
H84005,
H84006,
H84007,
H84010,
H84012,
H84014,
H84015,
H84016,
H84017,
H84018,
H84020,
H84023,
H84025,
H84027,
H84030,
H84619,0
H84033,
H84034,
H84039,
H84041,
H84042,
H84043,
H84044,
H84048,
H84050,
H84051,
H84053,
H84054,
H84055,
H84058,
H84060,
H84061,
H84062,
H84608,1
H84618,
H84623,
H84625,
H84629,
H84630,
H84632,
H84635,
H84637,
H84639,
H85001,
H85002,
H85003,
H85005,
H85006,
H85007,
H85008,
H85009,
H85011,
H85012,
H85018,
H85019,
H84031,
E84669,
F81636,
H85021,
H85022,
H85023,
H85025,
H85026,
H85027,
H85028,
H85029,
H85030,
H85032,
H85033,
H85035,
H85037,
H85038,
H85041,
H85078,1
H85047,
H85049,
H85051,
H85052,
H85053,
H85054,
H85055,
H85063,
H85065,
H85066,
H85067,
H85069,
H85070,
H85072,
H85075,
H85076,
H85077,
H85087,
H85088,
H85090,
H85092,
H85095,
H85100,
H85101,
H85103,
H85024,
H85020,1
E85044,
E85046,
H85105,
H85110,
H85111,
H85112,
H85113,
H85115,
H85116,
H85618,
H85634,
H85637,
H85643,
H85649,
H85653,
H85656,
H85659,
H85662,
H85664,
H85665,
H85680,
H85682,
H85683,
H85686,
H85691,
H85693,
H85695,
J81002,
J81003,
J81004,
J81005,
J81006,
J81009,
J81010,
J81011,
J81012,
J81013,
J81014,
J81017,
J81018,
J81019,
J81020,
J81021,
H85114,
F82625,
J81022,
J81025,
J81027,
J81028,
J81029,
J81030,
J81031,
J81032,
J81033,
J81034,
J81035,
J81036,
J81039,
J81040,
J81041,
J81042,
J81043,
J81044,
J81046,
J81048,
J81049,
J81050,
J81051,
J81052,
J81053,
J81054,
J81055,
J81056,
J81057,
J81058,1
J81059,
J81061,
J81062,
J81063,
J81064,
J81065,
J81066,
J81067,
J81068,
J81069,
J81070,
J81071,
J81072,
J81073,
F83032,
J81074,
J81075,
J81076,
J81077,
J81078,
J81081,
J81082,
J81083,
J81086,
J81087,
J81090,
J81609,
J81612,
J81613,
J81616,
J81620,
J81621,
J81625,
J81626,
J81628,
J81631,
J81632,
J81633,
J81634,
J81637,
J81644,
J81645,
J81646,
J81647,
J81648,
J82001,
J82002,
J82004,
J82005,
J82006,
J82007,
J82010,
J82012,
J82015,
J82016,
J82017,
J82009,
J82008,
E86024,
E87038,
J82018,
J82020,
J82021,
J82022,
J82023,
J82024,
J82025,
J82026,
J82027,
J82028,
J82029,
J82030,
J82033,
J82034,
J82035,
J82036,
J82039,
J82040,
J82041,
J82042,
J82044,
J82046,
J82051,
J82053,
J82054,
J82055,
J82058,
J82059,
J82060,
J82061,
J82062,
J82063,
J82064,
J82065,
J82066,
J82067,
J82069,
J82071,
J82072,
J82019,
J82049,0
J82073,
J82056,1
E87046,
E87071,
J82074,
J82075,
J82076,
J82077,
J82079,
J82080,
J82081,
J82082,
J82084,
J82085,
J82087,
J82088,
J82089,
J82090,
J82092,
J82094,
J82097,
J82099,
J82101,
J82102,
J82103,
J82104,
J82106,
J82110,
J82112,
J82113,
J82114,
J82115,
J82116,
J82117,
J82119,
J82120,
J82121,
J82122,
J82123,
J82124,
J82125,
J82126,
J82127,
J82128,
J82129,
F81047,
J82130,
J82131,
J82132,
J82133,
J82134,
J82135,
J82136,
J82138,
J82139,
J82141,
J82142,
J82143,
J82144,
J82145,
J82146,
J82147,
J82149,
J82150,
J82151,
J82152,
J82154,
J82155,
J82156,
J82157,
J82161,
J82163,
J82164,
J82165,
J82166,
J82169,
J82171,
J82174,
J82177,
J82178,
J82180,
J82181,
J82183,
J82184,
J82187,
J82188,
J82190,
J82192,
J82194,
F81049,
F85023,
F85071,
J82195,
J82196,
J82197,
J82198,
J82199,
J82201,
J82206,
J82207,
J82208,
J82210,
J82212,
J82213,
J82214,
J82215,
J82216,
J82217,
J82218,
J82220,
J82609,
J82622,
J82625,
J82628,
J82630,
J82633,
J82639,
J82640,
J82648,
J82663,
J82669,
J82688,
J83001,
J83002,
J83003,
J83004,
J83005,
J83006,
J83007,0
J83008,
J83009,
J82605,1
J83011,
J83014,
J83016,
J83017,
J83018,
J83019,
J83020,
J83021,
J83022,
J83023,
J83024,
J83025,
J83026,
J83027,
J83028,
J83029,
J83030,
J83031,
J83032,
J83033,
J83034,
J83035,
J83036,
J83038,
J83039,
J83040,
J83041,
J83042,
J83043,
J83044,
J83045,
J83046,
J83047,
J83048,
J83049,
J83050,
J83052,
J83053,
J83054,
J83055,
J83056,
J83057,
J83058,0
J83059,
J83060,
J83063,
J83064,
F81623,
F86057,
F86642,
J83601,
J83609,
J83615,
J83618,0
J83619,
J83625,
J83629,
J83630,
J83632,
J83633,
J83636,
J83603,0
J83642,
J83643,
J83644,
J83645,
J83646,
J83649,
J84003,
J84004,
J84005,
J84007,
J84008,
J84010,
J84011,
J84012,
J84013,
J84014,
J84015,
J84016,
J84018,
J84020,
K81001,
K81002,
K81003,
K81004,
K81005,
K81006,
K81007,
K81010,
K81012,
F86705,
K81014,
K81015,
K81017,
K81019,
K81020,
K81021,
K81022,
K81023,
K81024,
K81025,
K81026,
K81027,
K81028,
K81030,
K81032,
K81034,0
K81036,
K81039,
K81040,
K81041,
K81042,
K81043,
K81045,
K81046,
K81047,
K81048,
K81050,
K81051,
K81052,
K81055,
K81056,
K81057,
K81059,
K81060,
K81062,
K81063,
K81066,
K81067,
K81068,
K81069,
K81070,
K81072,
K81018,
F82001,
G81045,
K81073,
K81074,
K81075,
K81076,
K81077,
K81078,
K81080,
K81081,
K81082,
K81083,
K81084,
K81085,
K81086,
K81087,
K81089,
K81092,
K81094,
K81097,
K81100,
K81101,
K81102,
K81103,
K81605,
K81607,
K81608,
K81610,
K81613,
K81616,
K81622,
K81630,
K81633,
K81636,
K81640,
K81644,
K81645,
K81647,
K81651,
K81655,
K81656,
K81657,
K82001,
K82003,
K82004,
F82634,
K82005,
K82006,
K82007,
K82008,
K82009,
K82010,
K82012,
K82013,
K82015,
K82016,
K82017,
K82018,
K82019,
K82020,
K82021,
K82022,
K82023,
K82024,
K82025,
K82026,
K82027,
K82028,
K82029,
K82030,
K82031,
K82032,
K82033,
K82034,
K82035,
K82036,
K82037,
K82038,
K82039,
K82040,
K82042,
K82043,
K82045,
K82046,
K82048,
K82049,
K82050,
K82051,
K82053,
K82054,
K82055,
K82057,
K82058,
K82059,
K82060,
K82061,
K82062,
K82064,
K82065,
K82066,
K82067,
K82068,
K82069,
K82070,
K82073,
K82074,
K82076,
K82079,
K82603,
K82610,
K82615,
K82617,
K82618,
K82621,
K82631,
K82633,
K83002,
K83003,
K83005,
K83006,
K83007,
K83009,
K83010,
K83011,
K83012,
K83013,
K83014,
K83015,
K83017,
K83018,
K83019,
L83009,
F84008,
K83020,
K83021,
K83022,
K83024,
K83025,
K83026,
K83027,
K83028,
K83029,
K83030,
K83031,
K83032,
K83033,
K83035,
K83036,
K83037,
K83039,
K83040,
K83041,
K83042,
K83043,
K83044,
K83047,
K83048,
K83049,
K83050,
K83051,
K83052,
K83053,
K83055,
K83056,
K83058,
K83059,
K83064,
K83065,
K83069,
K83070,
K83076,
K83077,
K83079,
K83023,1
F84092,
G82652,
K83080,
K83081,
K83601,
K83607,
K83610,
K83614,
K83616,
K83618,
K83619,
K83620,
K83621,
K83622,
K83625,
K84002,
K84003,
K84004,
K84005,
K84007,
K84008,
K84009,
K84010,
K84011,
K84012,
K84013,
K84014,
K84015,
K84016,
K84017,
K84019,
K84020,
K84021,
K84023,
K84024,
K84025,
K84026,
K84027,
K84030,
K84031,
K84032,
K84033,1
K84034,
K84001,1
K84006,1
F85026,
G82696,
K84035,
K84036,
K84037,
K84038,
K84040,
K84041,
K84042,
K84043,
K84044,
K84045,
K84046,1
K84047,1
K84048,
K84050,
K84051,
K84052,1
K84054,
K84055,
K84058,
K84059,
K84060,
K84062,
K84065,
K84066,
K84071,
K84072,
K84075,
K84078,
K84079,
K84080,0
K84613,
K84618,
K84621,
K84624,
L81007,
L81008,
L81009,
L81010,
L81013,
L81014,
L81004,1
L81015,
K84056,0
K84063,1
G82820,
G83063,
L81016,
L81017,
L81018,
L81019,
L81021,
L81022,
L81023,
L81024,
L81025,
L81026,
L81027,
L81028,
L81029,
L81030,
L81031,
L81045,1
L81033,
L81034,
L81035,
L81037,
L81038,
L81039,
L81040,
L81041,
L81044,
L81046,
L81047,
L81049,
L81050,
L81051,
L81052,
L81053,
L81054,
L81055,
L81056,
L81057,
L81058,
L81059,
L81060,
L81061,
L81043,
L81020,1
L81062,
L81063,
F85686,
G83047,
L81065,
L81066,
L81067,
L81068,
L81070,
L81071,
L81072,
L81073,
L81075,
L81077,
L81078,
L81079,
L81080,
L81081,
L81082,
L81083,
L81084,
L81085,
L81086,
L81087,
L81088,
L81089,
L81090,
L81091,
L81093,
L81094,
L81095,
L81098,
L81101,
L81102,
L81103,
L81106,
L81112,
L81117,
L81118,
L81119,
L81120,
L81122,
L81123,
L81124,
L81125,
L81130,
L81131,
L81132,
L81133,
L81600,
L81617,
F86082,
L81622,
L81632,
L81637,
L81642,
L81643,
L81644,
L81648,
L81655,
L81656,
L81669,
L81670,
L82001,
L82003,
L82004,
L82006,
L82007,
L82008,
L82009,
L82010,
L82011,
L82012,
L82013,
L82014,
L82015,
L82043,1
L82016,
L82017,
L82018,
L82024,
L82025,
L82026,
L82028,
L82029,
L82030,
L82035,
L82036,
L82037,
L82038,
L82041,
L82042,
L82044,
L82045,
L82046,
L81649,1
L82047,
L82048,
G85094,
L82049,
L82051,
L82053,
L82054,
L82056,
L82057,
L82058,1
L82059,
L82061,
L82066,
L82068,
L82070,
L82617,
L82618,
L82620,
L82622,
L83002,
L83003,
L83004,
L83005,
L83007,
L83008,
L83010,
L83011,
L83012,
L83013,
L83014,
L83015,
L83016,
L83018,
L83019,
L83020,
L83021,
L83022,
L83023,
L83024,
L83025,
L83026,
L82050,1
L83028,
L83029,
L82052,
L83030,
L83031,
G85104,
G85118,
L83032,
L83034,
L83035,
L83036,
L83038,
L83041,
L83042,
L83043,
L83044,
L83045,
L83046,
L83047,
L83048,
L83049,
L83050,
L83051,
L83052,
L83053,
L83054,
L83055,
L83056,
L83057,
L83058,
L83059,
L83061,
L83064,
L83065,
L83066,
L83067,
L83068,
L83069,
L83070,
L83071,
L83072,
L83073,
L83075,
L83076,
L83077,
L83078,
L83079,
L83080,
L83081,
L83082,
L83083,
L83084,
L83085,
L83086,
L83087,
L83088,
L83089,
L83092,
L83095,
L83096,
L83097,
L83098,
L83099,
L83100,
L83101,
L83102,
L83103,
L83105,
L83106,
L83107,
L83111,
L83112,
L83113,
L83115,
L83116,
L83117,
L83118,
L83120,
L83123,
L83125,
L83127,
L83128,
L83129,
L83130,1
L83131,
L83134,
L83136,
L83137,
L83139,
L83143,
L83144,
L83145,
L83146,
L83147,
L83148,
L83607,
G82091,
H81044,
H81056,
L83616,
L83624,
L83626,
L83627,
L83628,
L83637,
L83639,
L83642,
L83643,
L83644,
L83646,
L83647,
L83648,
L83651,
L83655,
L83657,
L83658,
L83663,
L83664,
L83666,
L83673,
L84001,
L84002,
L84004,
L84005,
L84006,
L84007,
L84008,
L84009,
L84010,
L84011,
L84012,
L84013,
L84014,
L84015,1
L84016,
L84017,
L84018,
L84021,
L84022,
L84025,1
L84023,
L84024,
G82120,
H81644,
L84026,
L84027,
L84028,
L84029,
L84030,
L84031,
L84032,
L84033,
L84034,
L84036,
L84037,
L84038,
L84039,
L84040,
L84041,
L84042,
L84043,
L84044,
L84045,
L84046,
L84047,
L84048,
L84049,
L84050,
L84051,1
L84053,
L84054,
L84055,
L84056,
L84057,
L84058,
L84059,
L84060,
L84065,
L84067,
L84068,
L84069,
L84070,
L84063,0
L84071,
L84072,
L84073,
L84075,
L84077,
L84078,
L84080,
L84081,
L84084,
L84085,
L84606,
L84613,
L84615,
L84617,
L85001,
L85002,
L85003,
L85004,
L85005,
L85006,
L85007,
L85008,
L85009,
L85010,
L85011,
L85012,
L85013,
L85014,
L85015,
L85016,
L85017,
L85018,
L85019,
L85020,
L85021,
L85022,
L85023,
L85024,
L85025,
L85026,
L85027,
L85028,
L85029,
L85030,
L85031,
L85032,
L85033,
H82060,
H83008,
L85034,
L85611,
L85619,
L85620,
L85624,
M81001,
M81002,
M81003,
M81004,
M81005,
M81006,
M81007,
M81008,
M81009,
M81010,
M81011,
M81012,
M81013,
M81014,
M81015,
M81016,
M81017,
M81018,
M81019,
M81020,
M81021,
M81022,
M81023,
M81024,
M81025,
M81026,
M81027,
M81029,
M81032,
M81033,0
M81034,
M81035,
M81037,
M81038,
M81039,
M81040,
M81041,
M81042,
M81043,
M81044,
M81045,
M81047,
M81048,
M81049,
M81054,
M81055,
M81056,
M81057,
M81058,
M81061,
M81062,
M81063,
M81064,
M81066,
M81067,1
M81068,
M81069,
M81070,
M81072,
M81073,
M81074,
M81075,
M81076,
M81077,
M81078,
M81079,
M81080,
M81081,
M81082,
M81083,
M81084,
M81087,
M81089,
M81090,
M81091,
M81093,
M81094,
M81600,0
M81604,
M81605,
M81608,
M81616,
M81617,
H84049,
H84057,
M81621,
M81629,
M82002,
M82003,
M82004,
M82005,
M82006,
M82007,
M82008,
M82009,
M82010,
M82011,
M82012,
M82013,
M82014,
M82016,
M82017,
M82018,
M82019,
M82020,
M82021,
M82022,
M82023,
M82024,
M82025,
M82026,
M82027,
M82028,
M82029,
M82030,
M82031,
M82032,
M82033,
M82034,
M82035,
M82038,
M82039,
M82040,
M82041,
M82042,
M82043,
M81627,1
G85005,
H85031,
M82044,
M82045,
M82046,
M82047,
M82048,
M82051,
M82059,
M82060,
M82604,
M82606,
M82616,
M82619,
M82620,
M83001,
M83004,
M83005,
M83006,
M83007,
M83009,
M83010,
M83011,
M83012,
M83013,
M83014,
M83016,
M83017,
M83018,
M83020,
M83021,
M83022,
M83023,
M83024,
M83025,
M83026,
M83027,
M83028,
M83030,
M83031,
M83032,
M82601,1
M83015,
H85082,
M83033,
M83035,
M83036,
M83037,
M83038,
M83065,0
M83041,
M83042,
M83044,
M83045,
M83046,
M83047,
M83048,
M83049,
M83050,
M83051,
M83052,
M83054,
M83056,
M83057,
M83059,
M83061,
M83062,
M83063,
M83066,
M83067,
M83068,
M83069,
M83070,
M83071,
M83072,
M83073,
M83075,
M83076,
M83078,
M83079,
M83080,
M83082,
M83084,
M83088,
M83074,0
G85685,
J81016,
J81045,
M83089,
M83090,
M83092,
M83093,
M83094,
M83100,
M83102,
M83103,
M83107,
M83108,
M83109,
M83110,
M83111,
M83113,
M83115,
M83117,
M83122,
M83123,
M83125,
M83126,
M83127,
M83128,
M83129,
M83132,
M83134,
M83138,
M83139,
M83140,
M83141,
M83143,
M83146,
M83148,
M83601,
M83608,
M83616,
M83617,
M83130,
M83619,
M83623,
M83624,
M83625,
M83627,
M83629,
M83631,
M83632,
M83650,
M83665,
M83668,
M83669,
M83670,
M83680,
M83681,
M83682,
M83691,
M83692,
M83693,
M83697,
M83698,
M83700,
M83701,
M83703,
M83705,
M83706,
M83708,
M83709,
M83711,
M83712,
M83713,
M83714,
M83715,
M83717,
M83718,
M83719,
M83722,
M83723,
M83725,
M83727,
M83733,
M83738,
M83739,
M84001,
M84002,
M84003,
M84004,
M84006,
H81079,
M84012,
M84013,
M84014,
M84016,
M84017,
M84018,
M84019,
M84020,
M84021,
M84022,
M84023,
M84024,
M84025,
M84026,
M84028,
M84029,
M84030,
M84031,
M84032,
M84034,
M84036,
M84037,
M84038,
M84040,
M84041,
M84042,
M84043,
M84044,
M84045,
M84047,
M84049,
M84050,
M84051,
M84055,
M84059,
M84060,
M84063,
M84064,
M84065,
M84066,
M84067,
M84061,1
M84069,
M84046,0
H81642,
J82083,
J82100,
M84070,
M84603,
M84609,
M84612,
M84615,
M84616,
M84618,
M84620,
M84621,
M84624,
M84627,
M84629,
M85001,
M85002,
M85005,
M85006,
M85007,
M85008,
M85011,
M85013,
M85014,
M85015,
M85016,
M85018,
M85019,
M85020,
M85021,
M85023,
M85024,
M85025,
M85026,
M85027,
M85028,
M85029,
M85030,
M85031,
M84617,
M85063,
M85064,
M85065,
M85068,
M85069,
M85070,
H82039,
M85071,
M85072,
M85074,
M85075,
M85076,
M85077,
M85078,
M85079,
M85081,
M85082,
M85083,
M85084,
M85085,
M85086,
M85087,
M85088,
M85094,
M85097,
M85098,
M85103,
M85105,
M85107,
M85108,
M85110,
M85111,
M85113,
M85115,
M85116,
M85117,
M85118,
M85123,
M85124,
M85127,
M85128,
M85133,
M85134,
M85136,
M85139,
M85141,
M85092,1
M85142,
M85143,
M85145,
M85146,
M85149,
M85153,
J82619,
M85154,
M85155,
M85156,
M85158,
M85159,
M85164,
M85167,
M85170,
M85171,
M85172,
M85174,
M85175,
M85176,
M85177,
M85178,
M85179,
M85600,
M85611,
M85624,
M85634,
M85642,
M85652,
M85663,
M85669,
M85670,
M85671,
M85676,
M85677,
M85679,
M85680,
M85684,
M85686,
M85689,
M85693,
M85694,
M85697,
M85699,
M85701,
M85704,
M85706,
M85711,
M85713,
M85715,
M85716,
M85717,
M85722,
M85730,
J83010,
J83037,
M85732,
M85733,
M85735,
M85736,
M85739,
M85741,
M85746,
M85749,
M85753,
M85756,
M85757,
M85759,
M85766,
M85770,
M85774,
M85776,
M85778,
M85779,
M85781,
M85782,
M85783,
M85792,
M85794,
M85797,
M85801,
M85803,
M86001,
M86002,
M86003,
M86004,
M86005,
M86006,
M86007,
M86008,
M86009,
M86010,
M86011,
M86012,
M86013,
M86014,
M86015,
M86016,
M86017,
M86018,
H84059,
M86019,
M86020,
M86021,
M86022,
M86023,
M86026,
M86027,
M86028,
M86029,
M86030,
M86032,
M86033,
M86034,
M86035,
M86037,
M86038,
M86039,
M86040,
M86041,
M86044,
M86045,
M86046,
M86048,
M86605,
M86607,
M86610,
M86612,
M86613,
M86617,
M86621,
M86622,
M86624,
M86627,
M86633,
M86638,
M87001,
M87002,
M87003,
M87005,
M87006,
M87007,
M87008,
M87009,
H85048,
M87010,
M87011,
M87012,
M87013,
M87015,
M87016,
M87017,
M87018,
M87019,
M87020,
M87021,
M87023,
M87024,
M87025,
M87026,
M87027,
M87028,
M87030,
M87034,
M87036,
M87037,
M87041,
M87601,
M87602,
M87605,
M87612,
M87617,
M87618,
M87620,
M87621,
M87623,
M87625,
M87628,
M87629,
M87638,
M88001,
M88002,
M88003,
M88004,
M88005,
M88006,
M88007,
M88008,
M88009,
M88012,
M88014,
M88015,
M88016,
M88018,
M88019,
M88020,
M88021,
M88022,
M88023,
M88024,
M88026,
M88030,
M88031,
M88032,
M88035,
M88036,
M88038,
M88040,
M88041,
M88042,
M88043,
M88044,
M88600,
M88610,
M88616,
M88618,
M88619,
M88620,
M88623,
M88624,
M88625,
M88626,
M88627,
M88628,
M88629,
M88630,
M88633,
M88635,
M88637,
M88639,
M88640,
M88643,
M88645,
M88646,
J81047,
K82011,
K82014,
M88647,
M89001,
M89002,
M89004,
M91006,
M91007,
M91008,
M91009,
M91010,
M91011,
M91013,
M91014,
M91015,
M91016,
M91017,
M91018,
M91019,
M91020,
M91021,
M91022,
M91024,
M91025,
M91026,
M91028,
M91029,
M91032,
M91033,
M91034,
M91036,
M91602,
M91604,
M91609,
M91611,
M91612,
M91613,
M91614,
M91616,
M91619,
M91621,
M91623,
M91624,
M91625,
M91626,
M91628,
M91629,
M91637,
M91640,
M91641,
M91642,
M91643,
M91647,
M91650,
M91654,
M91655,
M91659,
M91660,
M92001,
M92002,
M92003,
M92004,
M92006,
M92007,
M92008,
M92009,
M92010,
M92011,
M92012,
M92013,
M92014,
M92015,
M92016,
M92019,
M92022,
M92024,
M92026,
M92027,
M92028,
M92029,
M92030,
M92031,
M92035,
M92039,
M92040,
M92041,
M92042,
M92043,
J82050,
M92044,
M92607,
M92609,
M92612,
M92627,
M92629,
M92630,
M92647,
M92649,
M92654,
N81001,
N81002,
N81006,
N81007,
N81008,
N81009,
N81010,
N81011,
N81012,
N81013,
N81014,
N81015,
N81016,
N81017,
N81018,
N81019,
N81020,
N81021,
N81022,
N81023,
N81024,
N81025,
N81026,
N81027,
N81028,
N81029,
N81030,
N81031,
N81032,
N81033,
N81034,
N81005,
N81035,
N81036,
N81037,
N81038,
N81039,
N81040,
N81042,
N81044,
N81045,
N81046,
N81047,
N81048,
N81049,
N81050,
N81051,
N81052,
N81053,
N81054,
N81055,
N81056,
N81057,
N81059,
N81060,
N81061,
N81062,
N81063,
N81064,
N81065,
N81066,
N81067,
N81068,
N81069,
N81070,
N81071,
N81072,
N81073,
N81074,
N81075,
N81077,
N81079,
N81080,
N81081,
N81083,
N81084,
N81085,
N81086,
K84049,
N81087,
N81088,
N81089,
N81090,
N81091,
N81092,
N81093,
N81094,
N81095,
N81096,
N81097,
N81100,
N81101,
N81102,
N81107,
N81108,
N81109,
N81111,
N81112,
N81113,
N81114,
N81115,
N81117,
N81118,
N81119,
N81120,
N81121,
N81122,
N81123,
N81125,
N81127,
N81607,
N81614,
N81618,
N81619,
N81623,
N81624,
N81626,
N81628,
N81632,
N81637,
N81642,
J82646,
L81042,
N81645,
N81651,
N82001,
N82004,
N82011,
N82014,
N82018,
N82019,
N82022,
N82026,
N82033,
N82034,
N82035,
N82036,
N82037,
N82039,
N82041,
N82046,
N82048,
N82049,
N82050,
N82051,
N82052,
N82053,
N82054,
N82058,
N82059,
N82062,
N82065,
N82066,
N82067,
N82070,
N82073,
N82074,
N82076,
N82077,
N82078,
N82079,
N82081,
N82082,
N82083,
N82084,
N82024,
L81069,
N82086,
N82087,
N82089,
N82091,
N82092,
N82093,
N82094,
N82095,
N82097,
N82099,
N82100,
N82101,
N82103,
N82104,
N82106,
N82107,
N82108,
N82109,
N82110,
N82113,
N82115,
N82116,
N82117,
N82617,
N82621,
N82623,
N82633,
N82641,
N82645,
N82646,
N82648,
N82650,
N82651,
N82655,
N82659,
N82663,
N82664,
N82665,
N82668,
N82669,
N82670,
N82671,
N82676,
N82678,
N83001,
N83002,
N83003,
J84017,
N83005,
N83006,
N83007,
N83008,
N83009,
N83010,
N83012,
N83013,
N83014,
N83015,
N83017,
N83018,
N83019,
N83020,
N83021,
N83022,
N83023,
N83024,
N83025,
N83026,
N83027,
N83028,
N83030,
N83031,
N83032,
N83033,
N83035,
N83041,
N83043,
N83045,
N83047,
N83049,
N83050,
N83053,
N83054,
N83055,
N83060,
N83601,
N83603,
N83604,
N83605,
N83608,
N83609,
N83610,
N83611,
L83006,
N83614,
N83619,
N83620,
N83621,
N83622,
N83624,
N83628,
N83633,
N83635,
N83637,
N84001,
N84002,
N84003,
N84004,
N84005,
N84006,
N84007,
N84008,
N84010,
N84011,
N84012,
N84013,
N84014,
N84015,
N84016,
N84017,
N84018,
N84019,
N84020,
N84021,
N84023,
N84024,
N84025,
N84026,
N84027,
N84028,
N84029,
N84034,
N84035,
N84036,
N84037,
N84038,
N84041,
N84043,
N84605,
L83039,
L83040,
N84611,
N84613,
N84614,
N84615,
N84617,
N84618,
N84621,
N84624,
N84626,
N84630,
N85001,
N85002,
N85003,
N85005,
N85006,
N85007,1
N85008,
N85009,
N85012,
N85013,
N85014,
N85015,
N85016,
N85017,
N85018,
N85019,
N85020,
N85021,
N85022,
N85023,
N85024,
N85025,
N85027,
N85028,
N85031,
N85032,
N85034,
N85037,
N85038,
N85040,
N85044,
N84627,
N85046,
K82044,
N85048,
N85051,
N85052,
N85053,
N85054,
N85057,
N85058,
N85059,
N85616,
N85617,
N85619,
N85620,
N85625,
N85629,
N85633,
N85634,
N85640,
P81002,
P81003,
P81004,
P81005,
P81006,
P81008,
P81010,
P81013,
P81014,
P81015,
P81016,
P81017,
P81018,
P81020,
P81022,
P81025,
P81027,
P81028,
P81031,
P81032,
P81033,
P81035,
P81036,
N85648,0
N85643,
N85047,
L84003,
P81037,
P81038,
P81039,
P81040,
P81041,
P81042,
P81043,
P81044,
P81045,
P81046,
P81047,
P81051,
P81053,
P81054,
P81055,
P81056,
P81057,
P81058,
P81059,
P81061,
P81062,
P81063,
P81064,
P81065,
P81066,
P81067,
P81069,
P81070,
P81071,
P81072,
P81073,
P81074,
P81076,
P81077,
P81078,
P81079,
P81081,
P81083,
P81084,
P81085,
P81086,
P81087,
P81088,
P81082,0
P81089,
K83066,
P81091,
P81092,
P81093,
P81095,
P81096,
P81099,
P81100,
P81103,
P81104,
P81107,
P81112,
P81113,
P81115,
P81117,
P81118,
P81119,
P81123,
P81125,
P81127,
P81128,
P81129,
P81130,
P81132,
P81133,
P81134,
P81136,
P81137,
P81138,
P81140,
P81143,
P81146,
P81147,
P81149,
P81150,
P81152,
P81154,
P81155,
P81157,
P81159,
P81160,
P81163,
P81165,
P81166,
P81167,
K84028,
L84616,
P81169,
P81170,
P81171,
P81172,
P81173,
P81176,
P81177,
P81179,
P81180,
P81181,
P81182,
P81184,
P81185,
P81186,
P81190,
P81191,
P81196,
P81197,
P81201,
P81204,
P81208,
P81210,
P81212,
P81213,
P81214,
P81215,
P81218,
P81607,
P81622,
P81633,
P81642,
P81643,
P81646,
P81647,
P81655,
P81659,
P81664,
P81620,
P81667,
P81668,
P81674,
P81681,
K84622,
L81012,
L85035,
P81683,
P81684,
P81685,
P81686,
P81687,
P81689,
P81690,
P81692,
P81694,
P81695,
P81699,
P81700,
P81701,
P81704,
P81707,
P81709,
P81710,
P81711,
P81712,
P81713,
P81714,
P81721,
P81724,
P81726,
P81727,
P81730,
P81731,
P81732,
P81733,
P81734,
P81735,
P81736,
P81737,
P81738,
P81740,
P81741,
P81742,
P81748,
P81749,
P81750,
P81754,
P81755,
P81756,
P81757,
P81758,
P81760,
P81763,
P81769,
P81770,
P81771,
P81772,
P81774,
P81778,
P81780,
P81785,
P82001,
P82002,
P82003,
P82004,
P82006,
P82007,
P82008,
P82009,
P82010,
P82011,
P82012,
P82013,
P82014,
P82015,
P82016,
P82018,
P82020,
P82021,
P82022,
P82023,
P82025,
P82029,
P82030,
P82031,
P82033,
P82034,
P82036,
P82037,
P82607,
P82609,
P82613,
P82616,
P82624,
P82625,
P82626,
L81127,
M81092,
P82627,
P82629,
P82633,
P82634,
P82640,
P82643,
P82652,
P82660,
P83001,
P83004,
P83005,
P83006,
P83007,
P83008,
P83009,
P83011,
P83012,
P83015,
P83017,
P83019,
P83020,
P83021,
P83023,
P83024,
P83025,
P83027,
P83029,
P83603,
P83605,
P83608,
P83609,
P83611,
P83612,
P83620,
P83621,
P83623,
P84004,
P84005,
P84009,
P84010,
P84012,
P84014,
P84016,
L82039,
P84017,
P84018,
P84019,
P84020,
P84021,
P84022,
P84023,
P84024,
P84025,
P84026,
P84027,1
P84028,
P84029,
P84030,
P84032,
P84034,
P84035,
P84037,
P84038,
P84039,
P84040,
P84041,
P84042,
P84043,
P84045,
P84046,
P84047,
P84048,
P84049,
P84050,
P84052,
P84053,
P84054,
P84055,
P84056,
P84059,
P84061,
P84062,
P84064,
P84065,
P84066,
P84067,
P84068,
P84051,1
L85036,
P84070,
P84071,
P84072,
P84074,
P84605,
P84611,
P84616,
P84623,
P84626,
P84630,
P84635,
P84637,
P84639,
P84640,
P84644,
P84645,
P84650,
P84651,
P84652,
P84663,
P84665,
P84669,
P84672,
P84673,
P84678,
P84679,
P84682,
P84683,
P84684,
P84689,
P84690,
P85001,
P85002,
P85003,
P85004,
P85005,
P85007,
P85008,
P85010,
P85011,
P85012,
P85013,
P84631,
P85006,1
L83074,
L85037,
P85014,
P85015,
P85016,
P85017,
P85018,
P85019,
P85020,
P85021,
P85022,
P85025,
P85026,
P85028,
P85601,
P85602,
P85605,
P85606,
P85607,
P85608,
P85610,
P85613,
P85614,
P85620,
P85621,
P85622,
P86001,
P86002,
P86003,
P86004,
P86005,
P86006,
P86007,
P86008,
P86009,
P86010,
P86011,
P86012,
P86013,
P86014,
P85612,
P86015,
P86016,
P85615,1
L83138,
L85038,
M83121,
P86017,
P86018,
P86019,
P86021,
P86022,
P86023,
P86026,
P86602,
P86606,
P86608,
P86609,
P86614,
P86619,
P86620,
P86624,
P87002,
P87003,
P87004,
P87008,
P87014,
P87015,
P87016,
P87017,
P87019,
P87020,
P87022,
P87024,
P87025,
P87026,
P87027,
P87028,
P87032,
P87035,
P87036,
P87039,
P87040,
P87610,
P87613,
P87618,
P87620,
L84020,
P87624,
P87625,
P87627,
P87630,
P87634,
P87639,
P87648,
P87649,
P87651,
P87652,
P87654,
P87657,
P87658,
P87659,
P87660,
P87661,
P87668,
P88002,
P88003,
P88005,
P88006,
P88007,
P88008,
P88009,
P88010,
P88011,
P88012,
P88013,
P88014,
P88015,
P88016,
P88017,
P88018,
P88019,
P88020,
P88021,
P88023,
P88024,
P88025,
P88026,
P88028,
M84035,
P88031,
P88034,
P88041,
P88042,
P88043,
P88044,
P88600,
P88604,
P88606,
P88607,
P88610,
P88615,
P88617,
P88623,
P88624,
P88625,
P88632,
P89002,
P89003,
P89004,
P89005,
P89006,
P89007,
P89008,
P89010,
P89011,
P89012,
P89013,
P89014,
P89015,
P89016,
P89017,
P89018,
P89019,
P89020,
P89021,
P89022,
P89023,
P89025,
P89026,
P89029,
P89030,
P89033,
P89602,
M85009,
P89609,
P89612,
P89613,
P89618,
P91003,
P91004,
P91007,
P91008,
P91009,
P91012,
P91013,
P91014,
P91016,
P91017,
P91018,
P91019,
P91020,
P91021,
P91029,
P91032,
P91603,
P91604,
P91011,1
P91617,
P91619,
P91623,
P91625,
P91627,
P91629,
P91631,
P91633,
P92001,
P92002,
P92003,
P92004,
P92005,
P92006,
P92007,
P92008,
P92010,
P91006,
P91035,1
L85039,
M84007,
P92011,
P92012,
P92014,
P92015,
P92016,
P92017,
P92019,
P92020,
P92021,
P92023,
P92024,
P92026,
P92028,
P92029,
P92030,
P92031,
P92033,
P92034,
P92035,
P92038,
P92041,
P92605,
P92607,
P92615,
P92616,
P92619,
P92620,
P92621,
P92623,
P92626,
P92630,
P92633,
P92634,
P92635,
P92637,
P92642,
P92646,
P92647,
P92648,
P92651,
P92652,
P92653,
Y00020,
L85040,
L85041,
Y00025,
Y00026,
Y00028,
Y00033,
Y00050,
Y00054,
Y00056,
Y00057,
Y00058,
Y00060,
Y00075,
Y00078,
Y00080,
Y00081,
Y00090,
Y00105,
Y00110,
Y00137,
Y00140,
Y00151,
Y00155,
Y00159,
Y00164,
Y00182,
Y00184,
Y00185,
Y00186,
Y00189,
Y00198,
Y00200,
Y00206,
Y00212,
Y00228,
Y00243,
Y00252,
Y00260,
Y00265,
Y00268,
Y00278,
Y00280,
Y00286,
Y00293,
Y00297,
M84008,
M84009,
M84010,
M84011,
M84015,
L85042,
M84062,
M85100,
M85721,
M87014,
M88010,
M89003,
M91004,
M91639,
M92640,
N81041,
N81655,
N82002,
N82003,
N82009,
N82090,
N82647,
N84625,
L85043,
L85044,
L85046,
L85047,
L85048,
P82005,
L85050,
P83010,
L85051,
P84033,
L85052,
P88618,
L85053,
L85054,
P91026,0
P92042,
P92602,
P92643,
L85055,
L85056,
L85060,
L85061,
L85062,
L85064,
L85065,
L85066,
L85601,
L85607,
L85608,
L85609,
L85612,
M81046,
Y00312,
Y02707,
Y02713,
M82056,
M82057,
M82058,
M83096,
M83097,
Y00316,
Y00328,
Y00344,
Y00347,
Y00351,
Y00352,
Y00399,
Y00403,
Y00411,
Y00412,
Y00437,
Y00445,
Y00446,
Y00449,
Y00454,
Y00469,
Y00471,
Y00475,
Y00484,
Y00486,
Y00492,
Y00507,
Y00522,
Y00527,
Y00542,
Y00560,
Y00561,
Y00568,
Y00589,
Y00592,
Y00612,
Y00683,
Y00726,
Y05268,
M83637,
M83638,
M83639,
M83640,
M83641,
M83661,
Y01132,1
Y01291,0
Y01206,
Y00758,
Y00774,
Y00902,
Y00912,
Y00918,
Y00955,
Y00969,
Y00984,1
Y00996,
Y00999,
Y01008,
Y01011,
Y01050,
Y01051,
Y01066,
Y01068,
Y01090,
Y01108,
Y01118,
Y01124,
Y01127,
Y01139,
Y01163,
Y01165,
Y01177,
Y01200,
Y01221,
Y01253,
Y01262,
Y01280,
Y01281,
Y01297,
Y01652,
Y01655,
Y01690,
Y01695,
Y01719,
Y01756,
Y01794,
Y01795,
Y01812,
Y01839,
Y01851,
Y01922,
Y01924,
Y01929,
Y01948,
Y01962,
Y01964,
Y02002,
Y02045,
Y02117,
Y02128,
Y02129,
Y02162,
Y02177,
Y02212,
Y02222,
Y02260,
Y02274,
Y02319,
Y02321,
Y02322,
Y02325,
Y02332,
Y02342,
Y02344,
Y02354,
Y02378,
Y02404,
Y02414,
Y02421,
Y02422,
Y02423,
Y02442,
Y02461,
Y02463,
Y02464,
Y02466,
Y02469,
Y02471,
Y02476,
Y02477,
Y02483,
Y02490,
Y02494,
Y02495,
Y02496,
Y02499,
Y02501,
Y02506,0
Y02509,
Y02510,
Y02511,
Y02512,
Y02514,
Y02517,
Y02519,
Y02520,
Y02521,
Y02526,
Y02567,
Y02568,
Y02570,
Y02571,
Y02572,
Y02575,
Y02578,
Y02583,
Y02585,
Y02586,
Y02594,
Y02597,
Y02605,
Y02606,
Y02610,
Y02611,
Y02620,
Y02622,
Y02624,
Y02625,
Y02626,
Y02627,
Y02633,
M85033,
M85034,
M85035,
M85037,
M85038,
M85041,
M85042,
M85045,
M85046,
M85047,
M85048,
M85051,
M85052,
M85053,
M85055,
M85056,
M85058,
M85060,
M85061,
M85062,
M85043,
Y02636,
Y02638,
Y02639,
Y02645,
M85066,
Y02646,
Y02653,
Y02656,
Y02657,
Y02658,
Y02660,
Y02663,
Y02666,
Y02669,
Y02671,
Y02672,
Y02674,
Y02676,
Y02684,
Y02686,
Y02688,
Y02692,
Y02701,
Y02704,
Y02710,
Y02711,
Y02718,
Y02720,
Y02721,
Y02735,
Y02736,
Y02747,
Y02751,
Y02753,
Y02754,
Y02755,
Y02757,
Y02767,
Y02769,
Y02778,
Y02787,
Y02790,
Y02794,
Y02795,
Y02811,
Y02812,
Y02816,
Y02823,
Y02827,
Y02838,
Y02842,
Y02847,
Y02849,
Y02854,
Y02867,
Y02868,
Y02873,
Y02875,
Y02884,
Y02885,
Y02886,
Y02887,
Y02890,
Y02893,
Y02896,
Y02900,
Y02906,
Y02914,
Y02928,
Y02933,
Y02936,
Y02946,
Y02957,
Y02960,
Y02961,
Y02962,
Y02968,
Y02973,
Y02974,
Y02986,
Y02987,
Y03023,
Y03049,
Y03051,
Y03052,
Y03054,
Y03063,
Y03079,
Y03094,
Y03097,
Y03101,
Y03103,
Y03112,
Y03124,
Y03135,
Y03222,
Y03296,
Y03303,
Y03362,
Y03364,
Y03366,
Y03402,
Y03433,
Y03434,
Y03441,
Y03506,
Y03587,
Y03595,
Y03597,
Y03602,
Y03656,
Y03661,
Y03663,
Y03664,
Y03671,
Y03755,
Y04225,
Y04266,
Y04273,
Y04333,
Y04659,
Y04662,
Y04809,
Y04882,
Y04883,
Y04884,
Y04925,
Y04926,
Y04927,
Y04942,
Y04947,
Y04949,
Y04951,
Y04952,
Y04957,
Y04965,
Y04968,
Y04969,
Y04977,
Y04979,
Y04995,
Y05023,
Y05080,
Y05088,
Y05125,
Y05159,
Y05161,
Y05162,
Y05163,
Y05167,
Y05187,
Y05190,
Y05212,
Y05238,
Y05239,
Y05240,
Y05248,
Y05250,
Y05251,
Y05252,
Y05253,
Y05257,
Y05258,
Y05267,
Y05279,
Y05286,
Y05291,
Y05317,
Y05318,
Y05330,
Y05346,
Y05349,
Y05363,
D83078,
E84024,
E84030,
E85074,
E87741,
F81062,
F84111,
G83046,
H85045,
Y02589,
E82073,0
F81031,
F81159,
F81606,
G82021,
G82158,
H84032,
L81032,
L81064,
F82025,1
G82142,1
G83630,1
Y03035,1
C82102,1
H84040,1
M88013,
L83027,
M88612,
P91615,
Y02462,
M89005,
M89007,
M89008,
M89009,
M89010,
M89012,
M89013,
M89015,
M89016,
M89017,
M89019,
M89021,
M89024,
M89026,
M89027,
M89028,
M89030,
M89601,
M89602,
M89606,
M89608,
M91003,
N81043,
P81029,
Y02596,
Y02826,
Y04786,
Y05364,
Y05369,
Y05412,
Y05502,
Y05548,
Y05569,
Y05622,
Y05665,
Y05690,
Y05733,
Y05750,
Y05826,
Y05840,
Y05857,
